Key;English;French;German;Polish;Spanish;Italian;Swedish;Czech;Hungarian;Dutch;Portuguese;Russian;Finnish;
free_yoker_rebels_army;Freeman's Militia;;;;;;;;;;;;;x
absolutist_rebels_army;Protocivil Commissariat;;;;;;;;;;;;;x
theocratist_rebels_army;Freikorper Unit;;;;;;;;;;;;;x
reactionary_rebels_army;Civil Guard;;;;;;;;;;;;;x
free_yoker_rebels_title;Free Yoker;;;;;;;;;;;;;x
theocratist_rebels_title;Theocratist;;;;;;;;;;;;;x
absolutist_rebels_title;Absolutist;;;;;;;;;;;;;x
theocratist;Theocratist;;;;;;;;;;;;;x
barrel_factory;Two-Legger Factory;;;;;;;;;;;;;x
barrel_factory_desc;This factory produces "Two-Leggers", the moveable artillery landship of the late fourteenth century. It depends upon automobiles, steel, machine parts, and artilery for the production of these war machines. From artillery pieces installed upon automobile chasis, sheet metal is sculpted around this, to protect the engine and cabintower, as well as gunnery hold.;;;;;;;;;;;;;x
JII_liberationist;The Social Radicals;;;;;;;;;;;;;x
JII_free_yoker;Freeman's Union;;;;;;;;;;;;;x
JII_statist;Social-Authoritarian Party;;;;;;;;;;;;;x
JII_absolutist;All-Syndicates Absolutist Party;;;;;;;;;;;;;x
JII_theocratist;Party of the Fist;;;;;;;;;;;;;x
JII_conservative;The Conservatives;;;;;;;;;;;;;x
JII_reactionary;The Country Party;;;;;;;;;;;;;x
fabric_factory_desc;This factory turns the versatile spindleweed, a flaxen fiberous yeild of the seedpod of a certain plant, and various dyes, synthetic or natural pigments, into beautiful and pratical textiles. Automated looms, spindles, jennies, mules, press-vats, and other machines, powered by steam or combustion, and operated by wretched factory attendants, litter the shop floor. These textiles will be used for a number of things in the consumer and public sector.;;;;;;;;;;;;;x
barrels;Two Leggers;;;;;;;;;;;;;x
GOZ_liberationist;The Radicals;;;;;;;;;;;;;x
GOZ_free_yoker;Landsman and Yeoman's Confederation;;;;;;;;;;;;;x
GOZ_statist;The Unionists;;;;;;;;;;;;;x
GOZ_absolutist;Solidarty Party;;;;;;;;;;;;;x
GOZ_theocratist;Deacon Mogga's Clique;;;;;;;;;;;;;x
GOZ_conservative;The Federalists;;;;;;;;;;;;;x
GOZ_reactionary;The Royalists;;;;;;;;;;;;;x
TGN_liberationist;The Social-Radical Bloc;;;;;;;;;;;;;x
TGN_free_yoker;Pan-Nâgi Landsman's Bund;;;;;;;;;;;;;x
TGN_statist;The Ministerial Party;;;;;;;;;;;;;x
TGN_absolutist;The Land Reform Trust;;;;;;;;;;;;;x
TGN_theocratist;The Theocratist Party;;;;;;;;;;;;;x
TGN_conservative;The Particularists;;;;;;;;;;;;;x
TGN_reactionary;The Ultra-Regionalists;;;;;;;;;;;;;x
steel_factory;Steel Mill;;;;;;;;;;;;;x
fabric_factory;Textile Mill;;;;;;;;;;;;;x
steel_factory_desc;This factory complex is a steel mill, producing steel and iron products for private and public entities. It consists of large furnaces or crucibles for smelting pig iron, mills for rolling, casting pits as part of a foundry, as well as likely some specialised operations. Its workers work long hours in sweltering conditions, making the essential metalworks for consumer and military use.;;;;;;;;;;;;;x
WSW;Wushauwland;;;;;;;;;;;;;x
WSW_ADJ;Wushavian;;;;;;;;;;;;;x
WSW_paternalistic_council;Wushauw Free State;;;;;;;;;;;;;x
WSW_aristocratic_commonwealth;Wushauw Free State;;;;;;;;;;;;;x
WSW_princely_despotate;Wushauw Free State;;;;;;;;;;;;;x
WSW_theocracy;Wushauwland;;;;;;;;;;;;;x
WSW_theocratist_dictatorship;Wushauw Free State;;;;;;;;;;;;;x
WSW_paternalistic_council_ADJ;Wushavian;;;;;;;;;;;;;x
WSW_aristocratic_commonwealth_ADJ;Wushavian;;;;;;;;;;;;;x
WSW_princely_despotate_ADJ;Wushavian;;;;;;;;;;;;;x
WSW_theocracy_ADJ;Wushavian;;;;;;;;;;;;;x
WSW_theocratist_dictatorship_ADJ;Wushavian;;;;;;;;;;;;;x
JTN;Juruntine Territories;;;;;;;;;;;;;x
JTN_ADJ;Juruntine;;;;;;;;;;;;;x
JTN_paternalistic_council;United Juruntine Provinces;;;;;;;;;;;;;x
JTN_aristocratic_commonwealth;United Juruntine Provinces;;;;;;;;;;;;;x
JTN_princely_despotate;United Juruntine Provinces;;;;;;;;;;;;;x
JTN_theocracy;Juruntine Territories;;;;;;;;;;;;;x
JTN_theocratist_dictatorship;United Juruntine Provinces;;;;;;;;;;;;;x
JTN_paternalistic_council_ADJ;Juruntine;;;;;;;;;;;;;x
JTN_aristocratic_commonwealth_ADJ;Juruntine;;;;;;;;;;;;;x
JTN_princely_despotate_ADJ;Juruntine;;;;;;;;;;;;;x
JTN_theocracy_ADJ;Juruntine;;;;;;;;;;;;;x
JTN_theocratist_dictatorship_ADJ;Juruntine;;;;;;;;;;;;;x
D01;$REGION$;;;;;;;;;;;;;x
D01_ADJ;$REGION$ite;;;;;;;;;;;;;x
D02;Organised $REGION$ Colonies;;;;;;;;;;;;;x
D02_ADJ;$REGION$ite;;;;;;;;;;;;;;x
D03;$REGION$ Territories;;;;;;;;;;;;;x
D03_ADJ;$REGION$ite;;;;;;;;;;;;;x
D04;$REGION$land;;;;;;;;;;;;;x
D04_ADJ;$REGION$lander;;;;;;;;;;;;;x
D05;The Dominion of $REGION$;;;;;;;;;;;;;x
D05_ADJ;$REGION$ite;;;;;;;;;;;;;x
D06;Governate of $REGION$;;;;;;;;;;;;;x
D06_ADJ;$REGION$ite;;;;;;;;;;;;;x
D07;$REGION$ Free State;;;;;;;;;;;;;x
D07_ADJ;Freestater;;;;;;;;;;;;;x
D08;$REGION$ Colony;;;;;;;;;;;;;x
D08_ADJ;$REGION$ite;;;;;;;;;;;;;x
D09;$REGION$ Protectorate;;;;;;;;;;;;;x
D09_ADJ;$REGION$ite;;;;;;;;;;;;;x
D10;The $REGION$ Protectorate;;;;;;;;;;;;;x
D10_ADJ;$REGION$ite;;;;;;;;;;;;;x
D11;The $REGION$ Concession;;;;;;;;;;;;;x
D11_ADJ;$REGION$ite;;;;;;;;;;;;;x
D12;$REGION$ Districts Protectorate;;;;;;;;;;;;;x
D12_ADJ;$REGION$ite;;;;;;;;;;;;;x
D13;The $REGION$ Company;;;;;;;;;;;;;x
D13_ADJ;Company;;;;;;;;;;;;;x
D14;The Dominion of $REGION$;;;;;;;;;;;;;x
D14_ADJ;$REGION$ite;;;;;;;;;;;;;x
D15;$REGION$ Protectorate;;;;;;;;;;;;;x
D15_ADJ;$REGION$ite;;;;;;;;;;;;;x
D16;The $REGION$ Colonies;;;;;;;;;;;;;x
D16_ADJ;$REGION$ite;;;;;;;;;;;;;x
D17;The $REGION$ Colony;;;;;;;;;;;;;x
D17_ADJ;$REGION$ite;;;;;;;;;;;;;x
D18;Captiancy of $REGION$;;;;;;;;;;;;;x
D18_ADJ;$REGION$ite;;;;;;;;;;;;;x
D19;Colonial $REGION$;;;;;;;;;;;;;x
D19_ADJ;$REGION$ite;;;;;;;;;;;;;x
D20;$REGION$ Territory;;;;;;;;;;;;;x
D20_ADJ;$REGION$ite;;;;;;;;;;;;;x
D21;Concession Territory of $REGION$;;;;;;;;;;;;;x
D21_ADJ;$REGION$ite;;;;;;;;;;;;;x
D22;$REGION$land;;;;;;;;;;;;;x
D22_ADJ;$REGION$lander;;;;;;;;;;;;;x
D23;$REGION$land;;;;;;;;;;;;;x
D23_ADJ;$REGION$lander;;;;;;;;;;;;;x
D24;$REGION$ Dependencies;;;;;;;;;;;;;x
D24_ADJ;$REGION$ite;;;;;;;;;;;;;x
D25;$REGION$ District;;;;;;;;;;;;;x
D25_ADJ;$REGION$ite;;;;;;;;;;;;;x
D26;The $REGION$ Free State;;;;;;;;;;;;;x
D26_ADJ;Freestater;;;;;;;;;;;;;x
D27;The $REGION$ Settlements;;;;;;;;;;;;;x
D27_ADJ;$REGION$ite;;;;;;;;;;;;;x
D28;$REGION$ Protectorate;;;;;;;;;;;;;x
D28_ADJ;$REGION$ite;;;;;;;;;;;;;x
D29;The $REGION$ Colony;;;;;;;;;;;;;x
D29_ADJ;$REGION$ite;;;;;;;;;;;;;x
D30;$REGION$land;;;;;;;;;;;;;x
D30_ADJ;$REGION$lander;;;;;;;;;;;;;x
D31;$REGION$land;;;;;;;;;;;;;x
D31_ADJ;$REGION$ite;;;;;;;;;;;;;x
D32;The $REGION$ Colony;;;;;;;;;;;;;x
D32_ADJ;$REGION$ite;;;;;;;;;;;;;x
D33;The $REGION$ Department;;;;;;;;;;;;;x
D33_ADJ;$REGION$ite;;;;;;;;;;;;;x
D34;United Colonies of $REGION$;;;;;;;;;;;;;x
D34_ADJ;$REGION$ite;;;;;;;;;;;;;x
D35;The $REGION$ Governate;;;;;;;;;;;;;x
D35_ADJ;$REGION$ite;;;;;;;;;;;;;x
D36;The $REGION$ Concession;;;;;;;;;;;;;x
D36_ADJ;$REGION$ite;;;;;;;;;;;;;x
D37;$REGION$ Colonial Governate;;;;;;;;;;;;;x
D37_ADJ;$REGION$ite;;;;;;;;;;;;;x
D38;$REGION$ Land;;;;;;;;;;;;;x
D38_ADJ;$REGION$lander;;;;;;;;;;;;;x
D39;$REGION$ Territories;;;;;;;;;;;;;x
D39_ADJ;$REGION$ite;;;;;;;;;;;;;x
D45;Free Commonwealth;;;;;;;;;;;;;x
D45_ADJ;Commonwealther;;;;;;;;;;;;;x
D41;Freemans' Republic;;;;;;;;;;;;;x
D41_ADJ;Republican;;;;;;;;;;;;;;x
D42;Freemans' State;;;;;;;;;;;;;x
D42_ADJ;Freedman;;;;;;;;;;;;;x
D43;Freestate;;;;;;;;;;;;;x
D43_ADJ;Freestater;;;;;;;;;;;;;x
D40;Republic of Goodhope;;;;;;;;;;;;;x
D40_ADJ;Goodhoper;;;;;;;;;;;;;x
D44;The Free Cities;;;;;;;;;;;;;x
D44_ADJ;Freistadter;;;;;;;;;;;;;x
D46;Commonwealth of Man;;;;;;;;;;;;;x
D46_ADJ;Commonwealther;;;;;;;;;;;;;x
D47;The Liberated Territories;;;;;;;;;;;;;x
D47_ADJ;Territorial;;;;;;;;;;;;;x
D48;The Sublime Republic;;;;;;;;;;;;;x
D48_ADJ;Republican;;;;;;;;;;;;;x
D49;The Freedman's Bund;;;;;;;;;;;;;x
D49_ADJ;Bunder;;;;;;;;;;;;;x
#D40;$REGION$ Protectorate;;;;;;;;;;;;;x
#D40_ADJ;$REGION$itet;;;;;;;;;;;;;x
#D41;The $REGION$ Protectorate;;;;;;;;;;;;;x
#D41_ADJ;$REGION$ite;;;;;;;;;;;;;x
#D42;$REGION$ Protectorate;;;;;;;;;;;;;x
#D42_ADJ;$REGION$ite;;;;;;;;;;;;;x
#D43;$REGION$ Colony;;;;;;;;;;;;;x
#D43_ADJ;$REGION$ite;;;;;;;;;;;;;x
#D44;Trucical $REGION$;;;;;;;;;;;;;x
#D44_ADJ;Trucical;;;;;;;;;;;;;x
#D45;Colony and Protectorate of $REGION$;;;;;;;;;;;;;x
#D45_ADJ;$REGION$ite;;;;;;;;;;;;;x
#D46;$REGION$land;;;;;;;;;;;;;x
#D46_ADJ;$REGION$lander;;;;;;;;;;;;;x
#D47;The $REGION$ Dominion;;;;;;;;;;;;;x
#D47_ADJ;$REGION$ite;;;;;;;;;;;;;x
#D48;The $REGION$ Protectorate;;;;;;;;;;;;;x
#D48_ADJ;$REGION$ite;;;;;;;;;;;;;x
#D49;$REGION$land Colony;;;;;;;;;;;;;x
#D49_ADJ;$REGION$lander;;;;;;;;;;;;;x
D50;$REGION$land;;;;;;;;;;;;;x
D50_ADJ;$REGION$lander;;;;;;;;;;;;;x
POU_liberationist;The Dridniks;;;;;;;;;;;;;x
POU_free_yoker;Mudmen's Bund;;;;;;;;;;;;;x
POU_statist;Imperial Reform Party;;;;;;;;;;;;;x
POU_absolutist;Lord Shum's Faction;;;;;;;;;;;;;x
POU_theocratist;Imperial Temple League;;;;;;;;;;;;;x
POU_conservative;The Royalists;;;;;;;;;;;;;x
POU_reactionary;The Ultraroyalists;;;;;;;;;;;;;x
THN;Theanâg;;;;;;;;;;;;;x
THN_ADJ;Theanâgi;;;;;;;;;;;;;x
PAK_liberationist;Free-Communitarian Party;;;;;;;;;;;;;x
PAK_free_yoker;The Bandit's League;;;;;;;;;;;;;x
PAK_statist;Developmentalist Party;;;;;;;;;;;;;x
PAK_absolutist;The Reform Party;;;;;;;;;;;;;x
PAK_theocratist;Justicial Party;;;;;;;;;;;;;x
PAK_conservative;The Confederalists;;;;;;;;;;;;;x
PAK_reactionary;The Magnates' Faction;;;;;;;;;;;;;x
PAS_liberationist;The Municipal Reform Party;;;;;;;;;;;;;x
PAS_free_yoker;West-Pozzak Dining Club;;;;;;;;;;;;;x
PAS_statist;Road-Reform League;;;;;;;;;;;;;x
PAS_absolutist;The PSGA;;;;;;;;;;;;;x
PAS_theocratist;The Poets' Party;;;;;;;;;;;;;x
PAS_conservative;The Burghers' Syndicate;;;;;;;;;;;;;x
PAS_reactionary;The Courtiers' Party;;;;;;;;;;;;;x
VOK_liberationist;The Radical Party;;;;;;;;;;;;;x
VOK_free_yoker;The Metayer's League;;;;;;;;;;;;;x
VOK_statist;Orthodox Mudtian Statist Party;;;;;;;;;;;;;x
VOK_absolutist;The VSGA;;;;;;;;;;;;;x
VOK_theocratist;Doshkine Honour League;;;;;;;;;;;;;x
VOK_conservative;The Constabular Party;;;;;;;;;;;;;x
VOK_reactionary;The High Constabulary;;;;;;;;;;;;;x
GAU_liberationist;The Social Radicals;;;;;;;;;;;;;x
GAU_free_yoker;Soldiers of the False Nimiz;;;;;;;;;;;;;x
GAU_statist;The Statists;;;;;;;;;;;;;x
GAU_absolutist;All-Gaubja Absolutist Syndicate;;;;;;;;;;;;;x
GAU_theocratist;The Churchman's Party;;;;;;;;;;;;;x
GAU_conservative;The Conservatives;;;;;;;;;;;;;x
GAU_reactionary;The King's Party;;;;;;;;;;;;;x
VAF_liberationist;The Independent Radicals;;;;;;;;;;;;;x
VAF_free_yoker;The Whiteback Party;;;;;;;;;;;;;x
VAF_statist;Union and Defence Party;;;;;;;;;;;;;x
VAF_absolutist;Vafauti Absolutist Board;;;;;;;;;;;;;x
VAF_theocratist;The Clericalists;;;;;;;;;;;;;x
VAF_conservative;The Planter's Party;;;;;;;;;;;;;x
VAF_reactionary;The Militarists;;;;;;;;;;;;;x
VUG_liberationist;The Oortothi Party;;;;;;;;;;;;;x
VUG_free_yoker;Blessed Landsman's League;;;;;;;;;;;;;x
VUG_statist;The Developmentalist Party;;;;;;;;;;;;;x
VUG_absolutist;Order and Solidarity Party;;;;;;;;;;;;;x
VUG_theocratist;Party of the Drupe;;;;;;;;;;;;;x
VUG_conservative;The Goothins;;;;;;;;;;;;;x
VUG_reactionary;The Old Athisards;;;;;;;;;;;;;x
KID_liberationist;The Social Extremists;;;;;;;;;;;;;x
KID_free_yoker;The Free-Soil Party;;;;;;;;;;;;;x
KID_statist;Imperial Reform Party;;;;;;;;;;;;;x
KID_absolutist;Imperial Unity Party;;;;;;;;;;;;;x
KID_theocratist;Pan-Gashdziik Theocratist Synod;;;;;;;;;;;;;x
KID_conservative;The Particularists;;;;;;;;;;;;;x
KID_reactionary;The Party of the Dhovs;;;;;;;;;;;;;x
colonial_conquest_low_KF;Establish Lowly Protectorate;;;;;;;;;;;;;x
colonial_conquest_low_KF_short;Annex $RECIPIENT$;;;;;;;;;;;;;x
colonial_conquest_low_KF_setup;Annex $RECIPIENT$ by establishing a protectorate over them.;;;;;;;;;;;;;x
colonial_conquest_low_KF_desc;Annex a single-state §Yuncivilized country§W with less than 400,000 pops by forcing them to become a protectorate of ours.;;;;;;;;;;;;;x
take_colonial_concession_capital_KF;Demand Capital;;;;;;;;;;;;;x
take_colonial_concession_capital_KF_short;Acquire $STATE$;;;;;;;;;;;;;x
take_colonial_concession_capital_KF_setup;Acquire $STATE$;;;;;;;;;;;;;x
take_colonial_concession_capital_KF_desc;Aquire a primitive enemy's §Ycapital state§W;;;;;;;;;;;;;x
international_sanctions;International Sanctions;;;;;;;;;;;;;x
take_colonial_concession_capital_EM;Demand Capital;;;;;;;;;;;;;x
take_colonial_concession_capital_EM_short;Acquire $STATE$;;;;;;;;;;;;;x
take_colonial_concession_capital_EM_setup;Acquire $STATE$;;;;;;;;;;;;;x
take_colonial_concession_capital_EM_desc;Aquire a primitive enemy's §Ycapital state§W;;;;;;;;;;;;;x
demand_concession_casus_belli_KF;Demand Concession;Demande de concession;Zugeständnisse verlangen;;Exigir concesión;;;;;;;;;x;;
demand_concession_casus_belli_KF_desc;Force an §Yuncivilized country§W to secede territory to form a colonial concession.;Obligez un §Ypays non civilisé§W ?faire sécession d'un territoire pour former une concession coloniale.;Zwingen Sie ein §Yunzivilisiertes Land§W, Gebiete zur Gründung einer Kolonie abzuspalten.;;Obliga a un §Ypaís incivilizado§W a escindir territorio para formar una concesión colonial.;;;;;;;;;x;;
demand_concession_casus_belli_KF_setup;Demand that $RECIPIENT$ secede territory to form a colonial concession.;Demandez ?ce que $RECIPIENT$ fasse sécession d'un territoire pour former une concession coloniale.;Verlangen Sie, dass $RECIPIENT$ Gebiete zur Gründung einer Kolonie abspaltet.;;Exigir que $RECIPIENT$ escinda territorio para formar una concesión colonial.;;;;;;;;;x;;
demand_concession_casus_belli_KF_short;Demand $STATE$;Demande $STATE$;Fordern Sie $STATE$;;Exigir $STATE$;;;;;;;;;x;;
demand_concession_casus_belli_EM;Demand Concession;Demande de concession;Zugeständnisse verlangen;;Exigir concesión;;;;;;;;;x;;
demand_concession_casus_belli_EM_desc;Force an §Yuncivilized country§W to secede territory to form a colonial concession.;Obligez un §Ypays non civilisé§W ?faire sécession d'un territoire pour former une concession coloniale.;Zwingen Sie ein §Yunzivilisiertes Land§W, Gebiete zur Gründung einer Kolonie abzuspalten.;;Obliga a un §Ypaís incivilizado§W a escindir territorio para formar una concesión colonial.;;;;;;;;;x;;
demand_concession_casus_belli_EM_setup;Demand that $RECIPIENT$ secede territory to form a colonial concession.;Demandez ?ce que $RECIPIENT$ fasse sécession d'un territoire pour former une concession coloniale.;Verlangen Sie, dass $RECIPIENT$ Gebiete zur Gründung einer Kolonie abspaltet.;;Exigir que $RECIPIENT$ escinda territorio para formar una concesión colonial.;;;;;;;;;x;;
demand_concession_casus_belli_EM_short;Demand $STATE$;Demande $STATE$;Fordern Sie $STATE$;;Exigir $STATE$;;;;;;;;;x;;
pruuntish_conquest;Pruuntish Integration;;;;;;;;;;;;;x
NORMAL_WAR_PRUUNTISH_CONQUEST_NAME;$ORDER$Integration of $SECOND_COUNTRY$;;;;;;;;;;;;;x
pruuntish_conquest_short;Annex $RECIPIENT$;;;;;;;;;;;;;x
pruuntish_conquest_setup;Annex $RECIPIENT$;;;;;;;;;;;;;x
pruuntish_conquest_desc;Annex a Pruuntish §Ycountry§W to establish controll of the peninsula.;;;;;;;;;;;;;x
swallow_me_whole;Establish Protectorate;;;;;;;;;;;;;x
swallow_me_whole_short;Annex $RECIPIENT$;;;;;;;;;;;;;x
swallow_me_whole_setup;Annex $RECIPIENT$ by establishing a protectorate over them.;;;;;;;;;;;;;x
swallow_me_whole_desc;Annex a single-state §Yuncivilized country§W by forcing them to become a protectorate of ours.;;;;;;;;;;;;;x
social_conscience;Egatism;;;;;;;;;;;;;x
social_conscience_desc;The liberationist impulse began to falter slowly after the achievement of the Worldly liberationist state after the shattering of the Athisard monarchy. Failing ultimately to deliver the promised paradise, the liberationist state quickly became a tyranny in its own right. Clumsy, violent, and despotic, the dictacts from the central government failed to perfectly reflect and paternally guide the popular will. Amid speculation on improvement and reform, parallel to the growth of the statist ideology, briefly flourished the thought of the truly impressive Soora Egat-so. This radical pamphleteer, preacher, militant, and philosopher took the Liberationist ideology to a radical extreme; rather than a divine polity guided by the gods, and sanctioned by the will of man, Egat called for the repudiation of all political authority beyond the treaty between two sovereign individuals. In a collection of pamphlets known as the “Mystic Secrets” series (1316-7), Egat builds a cosmology based on the willing soul and the certainty of a world beyond, from which he develops an admirable contractualist political philosophy. Egat was killed in the hills near Sesi by forces of the Sublime Veyethan government defending a radical commune who repudiated the government’s authority.;;;;;;;;;;;;;x
collectivism;Syndicism;;;;;;;;;;;;;x
collectivism_desc;The principles of liberationist philosophy and government emphasize the cooperative enterprise, particularly the maintenance of the commons and the streets. Everyone had a responsibility to scare the birds, to cobble the streets, and small guilds and assemblies were usually used to maintain these institutions, rather than give way to the relentless pressure of industrial expansion. In the years of liberationist experimentation, there was the practical result of the arrival of a number of cooperativist dogmatists, who preached cooperativism as a basic political given and good, whether in the fields, the factory, the government, or the army. The views, ideas and actions of these syndics, guildists, cooperativsts are most exemplified in Rajug Duttûnnony’s “Study of the Organisation of Manufactuaries in the Southern Empire” (1320). The syndicate would become a critical institution in Absolutist theory of government.;;;;;;;;;;;;;x
social_justice;Antidevelopmentalism;;;;;;;;;;;;;x
social_justice_desc;A very popular political cause and much dogmatised position in the early fourteenth century was that of the Antidevelopmentalist. Hating the advent of the machines that came to remark the world and the countryside, that drove down wages, created great slums, and made the cruel burgher even richer, many of various political and social inclinations came to be sure of the need to chain the wheels of industry. In a popular melody, the “Bahdro Blower’s Lament”, the narrator tells of the tragic lives of the Bahdro glass blowers, who used to make much of the loamy, sandy soil and the need for the bottling of the Magoupt oils, but now cannot find a job due to glass produced in the furnaces of Rodhrot.;;;;;;;;;;;;;x
populism_vs._establishment;Modern Disciplinary Methods;;;;;;;;;;;;;x
populism_vs._establishment_desc;Born out of dint of necessity in managing a modern industrial civilisation and Statist speculation, the 1320s and 30s were filled with innovations for the management of people and societies, as well as innovations in the way states managed themselves. Particularly, in the school of disciplinary thought, traditional floggings, whippings, oubliettes, and hangings moved to a broader system of indefinite detentions, implicit blackmail, disappearances, and conspicuous yet sparse violence. An outgrowth of the authoritarian impulse, much of the innovation in this field came in the rationalization of these methods, and the application of them not only to the troublesome populace, but also the appendages of the state itself. The practical system of disciplinary reform by inspector Drid Tzau-Thruunt was highly influential. In his tenure of office as the Mreuvayk prefecture district inspector, 1324-9, he developed a broadly systematic approach to internal discipline the gendarmerie that prioritized an integrated system of incentives, cultivated collective identity, and humiliating punishments that bound officers to the state, and allowed for the easy social exclusion and then removal of troublesome men.;;;;;;;;;;;;;x
clericalism_vs._anticlericalism;Toleration and Suppression;;;;;;;;;;;;;x
clericalism_vs._anticlericalism_desc;The staggering pluralism of the modern world emerged as a challenge for the modern government. Atheists, secularists, sectarian zealots, mystics, practitioners of foreign cults, and the great masses of heathen believers in the imperialised periphery presented a great babble of disagreement, and were easily stirred to conflict and hatred of one government or the other. A rationalized system of approved cults and faiths, and the vigorous suppression of those deemed socially unhygienic, based explicitly on expectation of social coherency and public order, broadly emerged as the states of Ishahfazh grappled both with unorthodox at home and heathen subjects in the colonies. In the early stations and factories established by the Gaubjan government in the Juuruntine territories, we learn directly of the various permits and writs needed for traditional J’ur meeting places to be maintained, and there a few interesting records of the various considerations Gaubjan bureaucrats enquired and worried about during these hearings.;;;;;;;;;;;;;x
jazhakdii;Jazhakdii;;;;;;;;;;;;;x
RAN_liberationist;The Gagav Dovâ;;;;;;;;;;;;;x
RAN_free_yoker;The Roots and Soil League;;;;;;;;;;;;;x
RAN_statist;The Social Tribunate;;;;;;;;;;;;;x
RAN_absolutist;Rannutan Social-Absolutist Bloc;;;;;;;;;;;;;x
RAN_theocratist;The Young Unnahu;;;;;;;;;;;;;x
RAN_conservative;The Dâveb Party;;;;;;;;;;;;;x
RAN_reactionary;The Court Faction;;;;;;;;;;;;;x
MAM_liberationist;The Pavillion of Moths;;;;;;;;;;;;;x
MAM_free_yoker;The Weavers' Syndicate;;;;;;;;;;;;;x
MAM_statist;The Social-Statist Party;;;;;;;;;;;;;x
MAM_absolutist;Social Revolutionary Absolutist Party;;;;;;;;;;;;;x
MAM_theocratist;The Maou of the Nation;;;;;;;;;;;;;x
MAM_conservative;The Black Tower Party;;;;;;;;;;;;;x
MAM_reactionary;The White Tower Party;;;;;;;;;;;;;x
TAK_liberationist;Sako-Soum Alliance;;;;;;;;;;;;;x
TAK_free_yoker;The Lubber's Bund;;;;;;;;;;;;;x
TAK_statist;The Deikauks;;;;;;;;;;;;;x
TAK_absolutist;The Yaukauks;;;;;;;;;;;;;x
TAK_theocratist;The Iron Guard;;;;;;;;;;;;;x
TAK_conservative;The Free Conservatives;;;;;;;;;;;;;x
TAK_reactionary;The Old Conservatives;;;;;;;;;;;;;x
BOG_liberationist;The Bukobs;;;;;;;;;;;;;x
BOG_free_yoker;The Haijduk's League;;;;;;;;;;;;;x
BOG_statist;Social Modernization Federation;;;;;;;;;;;;;x
BOG_absolutist;Union and Justice Party;;;;;;;;;;;;;x
BOG_theocratist;The Fatherland Party;;;;;;;;;;;;;x
BOG_conservative;The Yellow Party;;;;;;;;;;;;;x
BOG_reactionary;The Party of the Old Bog;;;;;;;;;;;;;x
DHN;Dhobnâg;;;;;;;;;;;;;x
DHN_ADJ;Dhobnâgi;;;;;;;;;;;;;x
plantations;Plantations;;;;;;;;;;;;;x
new_world_plantations_title;Plantations in the Great East;;;;;;;;;;;;;x
new_world_plantations_desc;The vast continents to the east are largely underpopulated and undercultivated. Agriculture, if done at all, is clumsy, ad-hoc, and on very small scales. A unique oppertunity is presented to our colonial government to appartition great swathes of land to planters and settlers to encourage the development of large plantations that could hopefully produce crops more efficiently than farms and estates in the metropole.;;;;;;;;;;;;;x
GAU_princely_despotate;Kingdom of Gaubja;;;;;;;;;;;;;x
GAU_statist_bureaucracy;Gaubjan State;;;;;;;;;;;;;x
GAU_paternalistic_council;Free Gaubjan Lands;;;;;;;;;;;;;x
GOZ_paternalistic_council;Gozonâg;;;;;;;;;;;;;x
TAK_aristocratic_commonwealth;Takemogine Union;;;;;;;;;;;;;x
TAK_statist_bureaucracy;Takemogine Union;;;;;;;;;;;;;x
TAK_paternalistic_council;Takemogine Commonwealth;;;;;;;;;;;;;x
AYU_princely_despotate;Serene Kingdom of Anyumb;;;;;;;;;;;;;x
AYU_statist_bureaucracy;Anyumb State;;;;;;;;;;;;;x
AYU_paternalistic_council;Anyumb Commonwealth;;;;;;;;;;;;;x
AYU_liberationist;Peace and Tolerance League;;;;;;;;;;;;;x
AYU_free_yoker;The Pastoralists' Bund;;;;;;;;;;;;;x
AYU_statist;Unity and Progress Party;;;;;;;;;;;;;x
AYU_absolutist;The New Royalists;;;;;;;;;;;;;x
AYU_theocratist;Parosou-Yak Party;;;;;;;;;;;;;x
AYU_conservative;The Old Royalists;;;;;;;;;;;;;x
AYU_reactionary;The Isolationists;;;;;;;;;;;;;x
PUS_princely_despotate;Pusunetos of the Great Khan;;;;;;;;;;;;;x
PUS_statist_bureaucracy;Pusunetos of the State;;;;;;;;;;;;;x
PUS_paternalistic_council;Pusunetos of the People;;;;;;;;;;;;;x
NHQ_princely_despotate;Nhuiqourran Empire;;;;;;;;;;;;;x
NHQ_statist_bureaucracy;Nhuiqourran Empire;;;;;;;;;;;;;x
NHQ_paternalistic_council;Nhuiqourran Commonwealth;;;;;;;;;;;;;x
paknag_bandits;Banditry;;;;;;;;;;;;;x
ended_bandits;Banditry Suppressed;;;;;;;;;;;;;x
precious_goods;Trade Goods;;;;;;;;;;;;;x
treaty_port;Treaty Port;;;;;;;;;;;;;x
factory_port;Factory Port;;;;;;;;;;;;;x
treaty_port_casus_belli;Punitive Expedition;;;;;;;;;;;;;x
treaty_port_casus_belli_short;Compensiation from $RECIPIENT$;;;;;;;;;;;;;x
treaty_port_casus_belli_setup;Demand reparations and port concessions from $RECIPIENT$.;;;;;;;;;;;;;x
treaty_port_casus_belli_desc;Seize a treaty port from a large and prosperous §Yuncivilized country§W, as well as extract reparations from them.;;;;;;;;;;;;;x
PUNITIVE_EXPEDITION_WAR_NAME;Punitive Expedition;;;;;;;;;;;;;x
3059_treaty_port_title;The Port Ragor Treaty;;;;;;;;;;;;;x
3059_treaty_port_desc;Port Ragor is one of the most handsome ports of the gulf of the empire of Nhuiqour. Once called Anzapht by the Jiishanagi merchants who controlled it from 1171-1222, this disconnected exclave now plays a sleepy part in the Nhuiquourran economy, where the markets are thin and overseas trade is mostly carried by Niiz Kan, the new Gashdzii trading capital in the west of Kovazh. Now, however, since we have defeated the Nhuiquourrans and wrung from them many concessions, we can take over this once bustling city. With renewed charters of extraterritoriality, a 103 year lease, our merchants are sure to prosper, and this port could once again come to overshadow Niiz Kan.;;;;;;;;;;;;;x
3060_treaty_port_title;The Bir Territory Treaty;;;;;;;;;;;;;x
3060_treaty_port_desc;The Bir Territory is a stretch of relatively uncultivated land near the capital of the Ourrhond. It is mostly occupied by small settlements of impoverished fishing communities that serve the capital. Nonetheless, its proximity to the capital and the Caigur river mean it could be, with development, a prime location for trade. With our recent victory over the local Aucbhur, we have demanded this territory to be conceded to us and our subjects for the development of a commercial city, unburdend by duties, for the sake of trading in the local region, and already trading companies are eager to build makeshift wharves and warehouses.;;;;;;;;;;;;;x
3061_treaty_port_title;The Mójib Treaty;;;;;;;;;;;;;x
3061_treaty_port_desc;The Pusunetos of the Great Khan is a strange state, and merchants tread there with caution. None can know when suddenly alliances will shift and those lords once in favour, and their foreign merchant friends, will suddenly be enemies. One hears enough blood curdling tales from the Court of the Great Khan. Now, however, we should be free of this trouble, and in fact gain great advantage over many other foreign traders in the Pusunetos. For since we have defeated the Armies of the Khan, we have won handsome Mójib, a little fishing town, for lease by our government. This will provide a haven for traders in the lands of the Khan, and he has kindly agreed also that disputes between his subjects and our merchants will be heard in whatever court we choose to establish in Mójib.;;;;;;;;;;;;;x
negotiating_treaty;Negotiating Unequal Treaty;;;;;;;;;;;;;x
negotiating_unequal_treaty;Negotiating Unequal Treaty;;;;;;;;;;;;;x
thriving_trade;Thriving Trade;;;;;;;;;;;;;x
yoker_agitation;Free-Yoker Agitation;;;;;;;;;;;;;x
regional_revolt;Regional Revolt;;;;;;;;;;;;;x
DIPLOMACY_ALMOST_WESTERN_NATION_STATUS;Partially Modernized Nation;;;;;;;;;;;;;x
UNCIV_CANT_RESEARCH;Modernize to be able to research;;;;;;;;;;;;;x
MILITARY_REFORM_COST_DESC;Cost modifier for political reforms:;;;;;;;;;;;;;x
SET_MILITARY_REFORM_EFFECT;Political reform selected: §Y$NAME$§W.\n;;;;;;;;;;;;;x
NO_CIV_PROGRESS;We have made no progress towards modernization. We need to enact political or economic reforms;;;;;;;;;;;;;x
MODIFIER_UNCIV_MILITARY;Political reform cost;;;;;;;;;;;;;x
MODIFIER_SELF_UNCIV_MILITARY;Political reform cost;;;;;;;;;;;;;x
CIVILIZE_NO_MASTER_DESC;Fully embrace modern ideas. This will gives us access to the technological advances from around the world;;;;;;;;;;;;;x
CIVILIZE_DESC;Fully embrace modern ideas. This will give us access to the technological advances of our sphere leader;;;;;;;;;;;;;x
3055_treaty_port_title;The Niiz Moji Treaty;;;;;;;;;;;;;x
3055_treaty_port_desc;Niiz Moji, or ‘Gold Port’ was the oldest continuously established Gashdzii possession on the great mainland of Kovazh. Acquired in 1089 by a concession of Qooxib Emperor Ohadh-Bohen Qamo III, a perpetual charter to trade free of duties was granted to the Jiishanagi South Seas Trading League. The Merchants had long kept an informal residence in cities on the great delta, but now they began building a fortress to protect against the violence of Poumnian rival trader-governors, who often employed the imperial garrisons of Mra-Ouswun in the interest of private profit. However, Niiz Moji’s proximity to the Imperial capital and its place on the river allows for supreme access to the trade of Qooxib and its interior, allowing it to eclipse the older Poumnian traders. Nowadays, Niiz Moji is a byword for lucrative profit, and has grown into a teeming metropolis boasting of over 200,000 residents, with elegant gardens on the river deltas, proud and bright walls, and sober townhouses.;;;;;;;;;;;;;x
3056_treaty_port_title;The Mra-Ouswun Treaty;;;;;;;;;;;;;x
3056_treaty_port_desc;Mra-Ouswun, or ‘Fort Mra’ was the oldest Ishahfazhi possession on the Kovan mainland. It meaningly consists of the trading factory and settlement of Mra, begun in 1035 oy the orders of the Viceroy-General Ashou Sha-Shoummid, an adventurous scion of House Ibu, who was that time the ‘Viceroy of the Pudwou in the Southern Continent’. A fine title for a man who was not much more than a merchant in the Qooxibi capital, but he nominally held the power to dispense justice to Poumnian subjects in all of Mainlanz Kovazh. Employing private levies to aid against a Souxappi revolt, he impressed and gained the favour of Odadh-Bohen Qamo II, who granted him extraterritoriality and allowed him to build a fort, as a nominal ‘vassal’ of the Qooxib. This factory station gradually became a great trading town, was granted independence of the Qooxib, and was still a fief of House Shoummid until very recently.;;;;;;;;;;;;;x
3057_treaty_port_title;The Niiz Jadhov Treaty;;;;;;;;;;;;;x
3057_treaty_port_desc;Old Niiz Jadhov, ‘Kingsport’, was a commanding Vokonazhi factory in the land of the Ourrhond, the great monarchy of central Kovash. This aristocratic confederacy, fraught by regular internal conflict, nonetheless yields great trade goods, with carved furniture made from the lumber of the rich woodlands that dot the plains, ivories from the great beasts of Kovazh, and precious objects made by the locals. Niiz Jadhov was established in 1167 by a number of intrepid Vokonazhi traders who took advantage of a civil conflict between local tribesmen in the local region and its lord, Hana Birhim. Delicately balancing various loyalties between the distracted locals, the fort was satisfactorily risen, and became a great holdfast for Vokonazhi trading in the area. Eventually a smaller inland fort was raised, which attracted the local manufacturing community. Niiz Jadhov boasted of the headquarters of the Imperial Kovan Trading Company, nominally granted by the Emperor in Pashdzii.;;;;;;;;;;;;;x
3058_treaty_port_title;The Niiz Kan Treaty;;;;;;;;;;;;;x
3058_treaty_port_desc;Niiz Kan was the premier Gashdzii trading port in the west of Kovazh. Established by Ishapt Tea Company charter in 1160, its key figure intrepid Bida Kazak, a trader originally based in the island of Rouxaem. Kazak settled a fertile stretch of coast with a hope to plant his own tea crops - he married a local Chobaji heiress and added to his fortune a number of large estates nearby. Shockingly, he and his wife both were buried after the fashion of the Vewugist. A community began to grow around this settlement, attracting goods brought down the coastal road. Until 1221, however, the main Gashdzii trading settlement in the area, Anzhapt, was on the southern delta, but in 1221 the new Emperor declared the expulsion of all foreigners from the delta, and riotous violence drove many Gashdzii north, eventually to hybrid Niiz Kan. The city survived the failure of the Ishapt Tea Company in 1241, and was given a responsible government by the Parliament in Nozho.;;;;;;;;;;;;;x
demand_concession_casus_belli_event;Demand Concession;Demande de concession;Zugeständnisse verlangen;;Exigir concesión;;;;;;;;;x;;
demand_concession_casus_belli_event_desc;Force an §Yuncivilized country§W to secede territory to form a colonial concession.;Obligez un §Ypays non civilisé§W ?faire sécession d'un territoire pour former une concession coloniale.;Zwingen Sie ein §Yunzivilisiertes Land§W, Gebiete zur Gründung einer Kolonie abzuspalten.;;Obliga a un §Ypaís incivilizado§W a escindir territorio para formar una concesión colonial.;;;;;;;;;x;;
demand_concession_casus_belli_event_setup;Demand that $RECIPIENT$ secede territory to form a colonial concession.;Demandez ?ce que $RECIPIENT$ fasse sécession d'un territoire pour former une concession coloniale.;Verlangen Sie, dass $RECIPIENT$ Gebiete zur Gründung einer Kolonie abspaltet.;;Exigir que $RECIPIENT$ escinda territorio para formar una concesión colonial.;;;;;;;;;x;;
demand_concession_casus_belli_event_short;Demand $STATE$;Demande $STATE$;Fordern Sie $STATE$;;Exigir $STATE$;;;;;;;;;x;;
closed_drupe;Closed Drupe;;;;;;;;;;;;;x
open_drupe;Open Drupe;;;;;;;;;;;;;x
right_to_the_familiar;Right To The Familiar;;;;;;;;;;;;;x
NORMAL_PUNITIVE_EXPEDITION_WAR_NAME;$ORDER$ Punitive Expedition to $SECOND_COUNTRY$;;;;;;;;;;;;;x
national_confusion_desc;This country has been thrown into national confusion!;;;;;;;;;;;;;x
political_outrage_desc;This country is expiriencing widespread political outrage.;;;;;;;;;;;;;x
international_sanctions_desc;There are currently international sanctions upon this country.;;;;;;;;;;;;;x
yoker_agitation_desc;This country is undergoing free-yoker agitaiton.;;;;;;;;;;;;;x
negotiating_unequal_treaty_desc;This country is currently negotating a treaty concession.;;;;;;;;;;;;;x
negotiating_treaty_desc;This country is currently negotating a treaty concession.;;;;;;;;;;;;;x
developing_economy_desc;This economy is beginning to see the features of an industrial society.;;;;;;;;;;;;;x
industrialising_economy_desc;This economy is rapidly industrialising!;;;;;;;;;;;;;x
industrial_economy_desc;This country meets much of Talcott Parsons' criteria for an industrial society.;;;;;;;;;;;;;x
right_to_the_familiar_desc;This Tehurite Country respects the doctrine of the Right to the Familiar.;;;;;;;;;;;;;x
industrialising_economy;Industrialising Economy;;;;;;;;;;;;;x
industrial_economy;Industrial Economy;;;;;;;;;;;;;x
developing_economy;Developing Economy;;;;;;;;;;;;;x
January;Midwinter;;;;;;;;;;;;;x
February;Winter's End;;;;;;;;;;;;;x
March;Springtime;;;;;;;;;;;;;x
April;Drytime;;;;;;;;;;;;;x
May;Sweltertime;;;;;;;;;;;;;x
June;Midyear;;;;;;;;;;;;;x
July;First Rain;;;;;;;;;;;;;x
August;High Monsoon;;;;;;;;;;;;;x
September;Late Monsoon;;;;;;;;;;;;;x
October;Harvesttime;;;;;;;;;;;;;x
November;Winnowtime;;;;;;;;;;;;;x
December;Early Winter;;;;;;;;;;;;;x
demand_concession_casus_belli_1342;Demand Concession;Demande de concession;Zugeständnisse verlangen;;Exigir concesión;;;;;;;;;x;;
demand_concession_casus_belli_1342_desc;Force an §Yuncivilized country§W to secede territory to form a colonial concession.;Obligez un §Ypays non civilisé§W ?faire sécession d'un territoire pour former une concession coloniale.;Zwingen Sie ein §Yunzivilisiertes Land§W, Gebiete zur Gründung einer Kolonie abzuspalten.;;Obliga a un §Ypaís incivilizado§W a escindir territorio para formar una concesión colonial.;;;;;;;;;x;;
demand_concession_casus_belli_1342_setup;Demand that $RECIPIENT$ secede territory to form a colonial concession.;Demandez ?ce que $RECIPIENT$ fasse sécession d'un territoire pour former une concession coloniale.;Verlangen Sie, dass $RECIPIENT$ Gebiete zur Gründung einer Kolonie abspaltet.;;Exigir que $RECIPIENT$ escinda territorio para formar una concesión colonial.;;;;;;;;;x;;
demand_concession_casus_belli_1342_short;Demand $STATE$;Demande $STATE$;Fordern Sie $STATE$;;Exigir $STATE$;;;;;;;;;x;;
establish_protectorate_casus_belli_1342;Establish Protectorate;;;;;;;;;;;;;x
establish_protectorate_casus_belli_1342_short;Annex $RECIPIENT$;;;;;;;;;;;;;x
establish_protectorate_casus_belli_1342_setup;Annex $RECIPIENT$ by establishing a protectorate over them.;;;;;;;;;;;;;x
establish_protectorate_casus_belli_1342_desc;Annex a single-state §Yuncivilized country§W by forcing them to become a protectorate of ours.;;;;;;;;;;;;;x
locust_plague;Locust Devastation;;;;;;;;;;;;;x
locust_threat;Locust Threat;;;;;;;;;;;;;x
if;If the following is true;;;;;;;;;;;;;x
TRIGMOD_HEADER;The cabinet reports that;;;;;;;;;;;;;x
TRIGMODLOST_HEADER;The cabinet reports that;;;;;;;;;;;;;x
brownnoser;Lackey;L?he-cul;Stiefellecker;;Obsequioso;;;;;;;;;x;;;;
for2;For any;;;;;;;;;;;;;x
for15;For any;;;;;;;;;;;;;x
bondsman_rebels_name;Bondsman Rebels;;;;;;;;;;;;;x
bondsman_rebels_desc;Bondsman rebels are a rag-tag collection of the various wretched bonded folk - the slaves, thralls, serfs, prisoners, hereditary servants, who have come together to seek their collective liberty, and establish a free state.;;;;;;;;;;;;;x
bondsman_rebels_title;Bondsman;;;;;;;;;;;;;x
bondsman_rebels_army;Liberated Brigade;;;;;;;;;;;;;x
GHE_liberationist;Neer Om-Drit;;;;;;;;;;;;;x
GHE_free_yoker;Ghechyamy Liberation League;;;;;;;;;;;;;x
GHE_statist;Ghechan Peoples' Statist Party;;;;;;;;;;;;;x
GHE_absolutist;Grey-Front Fighters;;;;;;;;;;;;;x
GHE_theocratist;Neer Ghan Gheecha;;;;;;;;;;;;;x
GHE_conservative;Neer Baym-Ghech;;;;;;;;;;;;;x
GHE_reactionary;The Qeygs;;;;;;;;;;;;;x
JAD_liberationist;x;;;;;;;;;;;;;x
JAD_free_yoker;x;;;;;;;;;;;;;x
JAD_statist;x;;;;;;;;;;;;;x
JAD_absolutist;x;;;;;;;;;;;;;x
JAD_theocratist;x;;;;;;;;;;;;;x
JAD_conservative;x;;;;;;;;;;;;;x
JAD_reactionary;x;;;;;;;;;;;;;x
HAS_GOODS;has goods;;;;;;;;;;;;;x
PAU;Paukzhodo;;;;;;;;;;;;;x
PAU_adj;Paukzhodan;;;;;;;;;;;;;x
FE_BASIC;The Setting (1);x
FE_MEDIUM;The Setting (2);x
FE_ADVANCED;Major Nations;x
FE_SETTING_BODY_1;Gozomedes' Great Game (GGG) is a Victoria II mod set in a fictional world populated by alternate hominids, largely based on the Australopithecus. The world of GGG (the Miiv) lies on a planetary sphere that is roughly the same size as earth, and spins also with a tilted axis. It is dominated by three major continents: Ishahfazh, Kofazh, and Bafozh, which are accompanied by three sub-continental shelves: Paukzhodo, Shobgizob, and Gofakidzia. The world itself is a watery world, dominated by vast and deep oceans, and the major continents lie close together, lining the few easily navigable seas. Beyond this area of calm, the vast oceanic geography cultivates the development of massive, nigh continuous storms, especially in the vast empty ocean of the north of the planet.\nThe concurrent presence of multiple intelligent and significantly genetically different species has led to a number of notable differences between the world of GGG and our own. Above all, the world lacks any sort of enlightenment universalism, and people persist in a number of practices that would seem savage in our own world, above all the keeping of other hominids as ‘thralls’ or cattle-slaves for eating and working. Beyond this, transcultural hostility remains higher, the world largely more violent, and diplomatic practices bereft of any notions of international law, balances of power, common heritage, etc. There are a variety of notable species: Ishahfazh is mainly populated by the stout and hairy folk who make up most of the large empires (Gashdzii, Poumnian, Rannu, Oujoy), but the Byotrin (Ghech, Anuvo, Shagmodt) people are tail, hairless, flat faced, white skinned giants living the central regions. The peoples of the east and centre of Kovazh (the Qooxib, Ouhrrond) are decidedly smaller, and have features more similar to those of the capuchin or macaque monkeys of our world. In the wilds of Bafozh one finds strange beast men, hominidae with blue faces, and all sorts in between.;x
FE_SETTING_BODY_2;
In southern Ishahfazh has risen a dynamic, now industrial collection of civilisations, the foremost among these being the Old Gashdzii Empire and its successor states, the ancient theocratic Poumnian Empire, and the fracticious Sithevan peoples of the west around the state of Athis or Veyethu. Poumnia, through its various dynasties and dynastic cycles, is ruled by the eternal Pudwou, the God-Emperor and his noble retainer and governors. It has remained for the past millennia a relatively cohesive state. It lies in the Poudwouvas river delta ecosystem in the southern lands of Ishahfazh, notable for growing the euphoria inducing Pruub flower and the rivergrain that has fed the Poumnian civilization. Most of the people of Poumnia live on the rivers, cultivating grain and living in mud or stilt houses. They worship the Pudwou, and engage in a number of cultural practices such as the preservation and belief in the ‘mere sleep’ of their dead ancestors. The collection of these beliefs is known as Wompouwushan. The Poumnian civilisation is part of a larger continuum of the Diwvish languages and peoples, who also include the seafaring rugged Pruunts of the southern peninsula, and the jungle dwelling Roshupt and Towuzhians. Out of wars and political conflicts in Poumnian antiquity, which was fraught with many warring noble houses all claiming some degree of divinity or divine tutelage emerged the Vopudwou, or the Pudwou, the divine emperor, who subdued and pacified other nobles, extending his divine grace to these ‘lesser dieties’. The Poumnian state developed a proud military, and a highly authoritarian, stratified tradition of governance, for many years maintaining a powerful grasp on its own lands and its environs.;x
FE_TUTORIAL;GGG Lore;x
FE_JII;Jiishanâg;x
FE_POU;Poumnia;x
FE_VOK;Vokonazh;x
FE_VUG;Sublime Veyethu;x
FE_VAF;Vâfaut;x
FE_GAU;Gaubja;x
FE_RAN;Rannu Empire;x
FE_BOG;Bogorug;x
FE_MAM;Mamatoukat;x
trade_policy;Foreign Trade;;;;;;;;;;;;;x
protectionism;Discouraged;;;;;;;;;;;;;x
protectionism_desc;The government has erected a number of barriers and notable exclusions to foreign commerce.;;;;;;;;;;;;;x
free_trade;Tolerated;;;;;;;;;;;;;x
free_trade_desc;Foreign traders and capitalist are largely suffered here in their projects and trades.;;;;;;;;;;;;;x
economic_policy;Industrial Policy;;;;;;;;;;;;;x
laissez_faire;Agrarianism;;;;;;;;;;;;;x
laissez_faire_desc;The government attempts to forbid the development or expansion of industrial enterprise;;;;;;;;;;;;;x
FE_JIISHANAG;Jiishanâg is a large aristocratic commonwealth on the southern coast of Ishahfazh. They are motkohnic in faith, and one of the foremost industrial powers. They have a number of outlying colonial possessions and may form The Great Nag.;x
FE_POUMNIA;Poumnia is the great dynastic theocratic empire that lies on the southern deltas of Ishahfazh. They are a highly unequal society, with massive numbers of bonded people, and while backwards, they excel in arms. They have a number of focused expansion routes.;x
FE_VOKONAZH;Vokonazh, a large nation lying in the east of Ishahfazh, is the seat of Great Lord Gozomedes. It has a strong army and is in a position to unite the now shattered Kiidnazh, the old Gashdzii Empire.;x
FE_VEYETHU;Sublime Veyethu is the liberationist rump state that lies on the west of Ishahfazh, lying in the center of the old Athisard lands. These revolutionaries seek to export the liberationist rebellion to their hostile neighbours.;x
FE_VAFAUT;Vâfaut is a large plantation society on the mountain range diving the Poumnian lands from the old Gashdzii empire. They are in a position to form a defensive compact of the west Gashdzii people.;x
FE_GAUBJA;Gaubja is an industrialised kingdom lying on the temperate eastern shores of Ishahfazh. They have a number of colonial territories, a noble army, and are in a position to form The Great Nag.;x
FE_RANNU;Rannu Empire is the rambling, lethargic Unnahu empire of the north. With many subject peoples, they face a decisive moment in consolidating their empire, or succumbing to rebellion and partition.;x
FE_BOGORUG;Bogorug is an aristocratic commonwealth in the north of Ishahfazh. The embattled ruling minority of Bogoran nomad-descended conquerers rules with tenuous grasp over the Oujoy peasantry, leaning on Rannu support.;x
FE_MAMATOUKAT;Mamatoukat is a powerful Oujoy kingdom in the northwest of Ishahfazh. They are seen as the natural protectors of the sedentarian faith, and have a number of expension routes to establish regional influence.;x
jingoism;Expansionism;;;;;;;;;;;;;x
WORLD_YEAR;Miiv: $YEAR$ I.R.;x
Friday;Festday;x
Monday;Week's Dawn;x
Saturday;Prayerday;x
Sunday;Week's Dusk;x
Thursday;Feasting Day;x
Tuesday;Fasting Day;x
Wednesday;Midweek;x
X;x;;;;;;;;;;;;;x
X;x;;;;;;;;;;;;;x
X;x;;;;;;;;;;;;;x
X;x;;;;;;;;;;;;;x
X;x;;;;;;;;;;;;;x
X;x;;;;;;;;;;;;;x
X;x;;;;;;;;;;;;;x
X;x;;;;;;;;;;;;;x
X;x;;;;;;;;;;;;;x
X;x;;;;;;;;;;;;;x
X;x;;;;;;;;;;;;;x
X;x;;;;;;;;;;;;;x
X;x;;;;;;;;;;;;;x
X;x;;;;;;;;;;;;;x
X;x;;;;;;;;;;;;;x
X;x;;;;;;;;;;;;;x
X;x;;;;;;;;;;;;;x
X;x;;;;;;;;;;;;;x
X;x;;;;;;;;;;;;;x
X;x;;;;;;;;;;;;;x
X;x;;;;;;;;;;;;;x
X;x;;;;;;;;;;;;;x
X;x;;;;;;;;;;;;;x
X;x;;;;;;;;;;;;;x
X;x;;;;;;;;;;;;;x
X;x;;;;;;;;;;;;;x
X;x;;;;;;;;;;;;;x
X;x;;;;;;;;;;;;;x
X;x;;;;;;;;;;;;;x
X;x;;;;;;;;;;;;;x
X;x;;;;;;;;;;;;;x
X;x;;;;;;;;;;;;;x
X;x;;;;;;;;;;;;;x
X;x;;;;;;;;;;;;;x
X;x;;;;;;;;;;;;;x
X;x;;;;;;;;;;;;;x
X;x;;;;;;;;;;;;;x
X;x;;;;;;;;;;;;;x
X;x;;;;;;;;;;;;;x
X;x;;;;;;;;;;;;;x
X;x;;;;;;;;;;;;;x
X;x;;;;;;;;;;;;;x
X;x;;;;;;;;;;;;;x
X;x;;;;;;;;;;;;;x
X;x;;;;;;;;;;;;;x
X;x;;;;;;;;;;;;;x
X;x;;;;;;;;;;;;;x
X;x;;;;;;;;;;;;;x
X;x;;;;;;;;;;;;;x
X;x;;;;;;;;;;;;;x
X;x;;;;;;;;;;;;;x
X;x;;;;;;;;;;;;;x
X;x;;;;;;;;;;;;;x
X;x;;;;;;;;;;;;;x
X;x;;;;;;;;;;;;;x
X;x;;;;;;;;;;;;;x
X;x;;;;;;;;;;;;;x
X;x;;;;;;;;;;;;;x
X;x;;;;;;;;;;;;;x
X;x;;;;;;;;;;;;;x
X;x;;;;;;;;;;;;;x
X;x;;;;;;;;;;;;;x
X;x;;;;;;;;;;;;;x
X;x;;;;;;;;;;;;;x
X;x;;;;;;;;;;;;;x
X;x;;;;;;;;;;;;;x
X;x;;;;;;;;;;;;;x
X;x;;;;;;;;;;;;;x
X;x;;;;;;;;;;;;;x
X;x;;;;;;;;;;;;;x
X;x;;;;;;;;;;;;;x
X;x;;;;;;;;;;;;;x
X;x;;;;;;;;;;;;;x
X;x;;;;;;;;;;;;;x
X;x;;;;;;;;;;;;;x
X;x;;;;;;;;;;;;;x
X;x;;;;;;;;;;;;;x
X;x;;;;;;;;;;;;;x
X;x;;;;;;;;;;;;;x
X;x;;;;;;;;;;;;;x
X;x;;;;;;;;;;;;;x
X;x;;;;;;;;;;;;;x
X;x;;;;;;;;;;;;;x
X;x;;;;;;;;;;;;;x
X;x;;;;;;;;;;;;;x
X;x;;;;;;;;;;;;;x
X;x;;;;;;;;;;;;;x
X;x;;;;;;;;;;;;;x
X;x;;;;;;;;;;;;;x
X;x;;;;;;;;;;;;;x
X;x;;;;;;;;;;;;;x
X;x;;;;;;;;;;;;;x
X;x;;;;;;;;;;;;;x
X;x;;;;;;;;;;;;;x
X;x;;;;;;;;;;;;;x
X;x;;;;;;;;;;;;;x
X;x;;;;;;;;;;;;;x
X;x;;;;;;;;;;;;;x
X;x;;;;;;;;;;;;;x
X;x;;;;;;;;;;;;;x
X;x;;;;;;;;;;;;;x
X;x;;;;;;;;;;;;;x
X;x;;;;;;;;;;;;;x
X;x;;;;;;;;;;;;;x
X;x;;;;;;;;;;;;;x
X;x;;;;;;;;;;;;;x
X;x;;;;;;;;;;;;;x
X;x;;;;;;;;;;;;;x
X;x;;;;;;;;;;;;;x
X;x;;;;;;;;;;;;;x
X;x;;;;;;;;;;;;;x
X;x;;;;;;;;;;;;;x
X;x;;;;;;;;;;;;;x
X;x;;;;;;;;;;;;;x
X;x;;;;;;;;;;;;;x
X;x;;;;;;;;;;;;;x
X;x;;;;;;;;;;;;;x
X;x;;;;;;;;;;;;;x
X;x;;;;;;;;;;;;;x
X;x;;;;;;;;;;;;;x
X;x;;;;;;;;;;;;;x
X;x;;;;;;;;;;;;;x
X;x;;;;;;;;;;;;;x
X;x;;;;;;;;;;;;;x
X;x;;;;;;;;;;;;;x
X;x;;;;;;;;;;;;;x
X;x;;;;;;;;;;;;;x
X;x;;;;;;;;;;;;;x
X;x;;;;;;;;;;;;;x
X;x;;;;;;;;;;;;;x
X;x;;;;;;;;;;;;;x
X;x;;;;;;;;;;;;;x
X;x;;;;;;;;;;;;;x
X;x;;;;;;;;;;;;;x
X;x;;;;;;;;;;;;;x
X;x;;;;;;;;;;;;;x
X;x;;;;;;;;;;;;;x
X;x;;;;;;;;;;;;;x
X;x;;;;;;;;;;;;;x
X;x;;;;;;;;;;;;;x
X;x;;;;;;;;;;;;;x
X;x;;;;;;;;;;;;;x
X;x;;;;;;;;;;;;;x
X;x;;;;;;;;;;;;;x
X;x;;;;;;;;;;;;;x
X;x;;;;;;;;;;;;;x
X;x;;;;;;;;;;;;;x
X;x;;;;;;;;;;;;;x
X;x;;;;;;;;;;;;;x
X;x;;;;;;;;;;;;;x
X;x;;;;;;;;;;;;;x
X;x;;;;;;;;;;;;;x
X;x;;;;;;;;;;;;;x
X;x;;;;;;;;;;;;;x
X;x;;;;;;;;;;;;;x
X;x;;;;;;;;;;;;;x
X;x;;;;;;;;;;;;;x
X;x;;;;;;;;;;;;;x
X;x;;;;;;;;;;;;;x
X;x;;;;;;;;;;;;;x
X;x;;;;;;;;;;;;;x
X;x;;;;;;;;;;;;;x